{
  "metadata": {
    "version": "1.0",
    "academic_year": "2025",
    "last_updated": "2025-01-15",
    "institution": "University of Zululand"
  },
  "programs": [
    {
      "program_code": "4BSC01",
      "program_name": "Applied Mathematics and Computer Science",
      "duration_years": 3,
      "total_credits": 416,
      "faculty": "Faculty of Science, Agriculture and Engineering",
      "departments": ["Mathematical Sciences", "Computer Science"],
      "degree": "Bachelor of Science",
      "majors": ["Applied Mathematics", "Computer Science"],
      "abbreviation": "BSC",
      "exit_nqf_level": 7,
      "modules": [
        {
          "module_code": "4AMT111",
          "module_name": "Discrete Mathematics",
          "department": "Mathematical Sciences",
          "credits": 16,
          "nqf_level": 5,
          "semester": "Semester 1",
          "year_level": 1,
          "prerequisites": [],
          "corequisites": ["4MTH111"]
        },
        {
          "module_code": "4MTH111",
          "module_name": "Calculus I",
          "department": "Mathematical Sciences",
          "credits": 16,
          "nqf_level": 5,
          "semester": "Semester 1",
          "year_level": 1,
          "prerequisites": [],
          "corequisites": []
        },
        {
          "module_code": "4CPS111",
          "module_name": "Introductory Computing",
          "department": "Computer Science",
          "credits": 16,
          "nqf_level": 5,
          "semester": "Semester 1",
          "year_level": 1,
          "prerequisites": [],
          "corequisites": []
        },
        {
          "module_code": "4PHY111",
          "module_name": "Classical Mechanics & Properties of Matter",
          "department": "Physics",
          "credits": 16,
          "nqf_level": 5,
          "semester": "Semester 1",
          "year_level": 1,
          "prerequisites": [],
          "corequisites": ["4MTH111"]
        },
        {
          "module_code": "4STT111",
          "module_name": "Elementary Statistics for Science Students",
          "department": "Statistics",
          "credits": 16,
          "nqf_level": 5,
          "semester": "Semester 1",
          "year_level": 1,
          "prerequisites": [],
          "corequisites": []
        },
        {
          "module_code": "4CPS121",
          "module_name": "Computer Literacy I",
          "department": "Computer Science",
          "credits": 16,
          "nqf_level": 5,
          "semester": "Semester 1",
          "year_level": 1,
          "prerequisites": [],
          "corequisites": []
        },
        {
          "module_code": "4AMT122",
          "module_name": "Further Discrete Mathematics",
          "department": "Mathematical Sciences",
          "credits": 16,
          "nqf_level": 6,
          "semester": "Semester 2",
          "year_level": 1,
          "prerequisites": [],
          "corequisites": []
        },
        {
          "module_code": "4MTH112",
          "module_name": "Calculus II",
          "department": "Mathematical Sciences",
          "credits": 16,
          "nqf_level": 6,
          "semester": "Semester 2",
          "year_level": 1,
          "prerequisites": [],
          "corequisites": []
        },
        {
          "module_code": "4CPS112",
          "module_name": "Intro to Systems Programming",
          "department": "Computer Science",
          "credits": 16,
          "nqf_level": 6,
          "semester": "Semester 2",
          "year_level": 1,
          "prerequisites": ["4CPS111"],
          "corequisites": []
        },
        {
          "module_code": "4PHY112",
          "module_name": "Electromagnetism, Nuclear & Modern Physics",
          "department": "Physics",
          "credits": 16,
          "nqf_level": 6,
          "semester": "Semester 2",
          "year_level": 1,
          "prerequisites": [],
          "corequisites": []
        },
        {
          "module_code": "4STT112",
          "module_name": "Statistics for Science Students",
          "department": "Statistics",
          "credits": 16,
          "nqf_level": 6,
          "semester": "Semester 2",
          "year_level": 1,
          "prerequisites": [],
          "corequisites": ["4MTH112"]
        },
        {
          "module_code": "4CPS122",
          "module_name": "Computer Literacy II",
          "department": "Computer Science",
          "credits": 16,
          "nqf_level": 5,
          "semester": "Semester 2",
          "year_level": 1,
          "prerequisites": [],
          "corequisites": []
        },
        {
          "module_code": "4AMT211",
          "module_name": "Dynamical Systems & Mathematical Modelling",
          "department": "Mathematical Sciences",
          "credits": 16,
          "nqf_level": 6,
          "semester": "Semester 1",
          "year_level": 2,
          "prerequisites": ["4AMT122", "4MTH112"],
          "corequisites": ["4MTH221"]
        },
        {
          "module_code": "4MTH221",
          "module_name": "Advanced Calculus",
          "department": "Mathematical Sciences",
          "credits": 16,
          "nqf_level": 6,
          "semester": "Semester 1",
          "year_level": 2,
          "prerequisites": ["4MTH111", "4MTH112"],
          "corequisites": []
        },
        {
          "module_code": "4CPS211",
          "module_name": "Data Structures and Algorithms",
          "department": "Computer Science",
          "credits": 16,
          "nqf_level": 6,
          "semester": "Semester 1",
          "year_level": 2,
          "prerequisites": ["4CPS111", "4CPS112"],
          "corequisites": []
        },
        {
          "module_code": "4CPS231",
          "module_name": "Computer Communications & Networks",
          "department": "Computer Science",
          "credits": 16,
          "nqf_level": 6,
          "semester": "Semester 1",
          "year_level": 2,
          "prerequisites": ["4CPS111"],
          "corequisites": []
        },
        {
          "module_code": "4AMT212",
          "module_name": "Intro to Operations Research",
          "department": "Mathematical Sciences",
          "credits": 16,
          "nqf_level": 6,
          "semester": "Semester 2",
          "year_level": 2,
          "prerequisites": ["4AMT122", "4MTH112"],
          "corequisites": ["4MTH222"]
        },
        {
          "module_code": "4MTH222",
          "module_name": "Linear Algebra & Differential Equations",
          "department": "Mathematical Sciences",
          "credits": 16,
          "nqf_level": 6,
          "semester": "Semester 2",
          "year_level": 2,
          "prerequisites": ["4MTH111", "4MTH112"],
          "corequisites": []
        },
        {
          "module_code": "4CPS212",
          "module_name": "Software Engineering",
          "department": "Computer Science",
          "credits": 16,
          "nqf_level": 6,
          "semester": "Semester 2",
          "year_level": 2,
          "prerequisites": ["4CPS112"],
          "corequisites": ["4CPS211"]
        },
        {
          "module_code": "4CPS232",
          "module_name": "Database Information Management I",
          "department": "Computer Science",
          "credits": 16,
          "nqf_level": 6,
          "semester": "Semester 2",
          "year_level": 2,
          "prerequisites": ["4CPS111"],
          "corequisites": []
        },
        {
          "module_code": "4AMT331",
          "module_name": "Tensor Analysis",
          "department": "Mathematical Sciences",
          "credits": 16,
          "nqf_level": 7,
          "semester": "Semester 1",
          "year_level": 3,
          "prerequisites": ["4MTH111", "4MTH112", "4AMT111", "4AMT122", "4MTH221", "4MTH222", "4AMT211", "4AMT212"],
          "corequisites": []
        },
        {
          "module_code": "4AMT321",
          "module_name": "Applied Mathematical Methods",
          "department": "Mathematical Sciences",
          "credits": 16,
          "nqf_level": 7,
          "semester": "Semester 1",
          "year_level": 3,
          "prerequisites": ["4MTH111", "4MTH112", "4AMT111", "4AMT122", "4MTH221", "4MTH222", "4AMT211", "4AMT212"],
          "corequisites": []
        },
        {
          "module_code": "4CPS311",
          "module_name": "Advanced Programming Techniques",
          "department": "Computer Science",
          "credits": 16,
          "nqf_level": 7,
          "semester": "Semester 1",
          "year_level": 3,
          "prerequisites": ["4CPS211", "4CPS212"],
          "corequisites": []
        },
        {
          "module_code": "4CPS321",
          "module_name": "Systems Programming (OS & Compilers)",
          "department": "Computer Science",
          "credits": 16,
          "nqf_level": 7,
          "semester": "Semester 1",
          "year_level": 3,
          "prerequisites": ["4CPS211", "4CPS212"],
          "corequisites": []
        },
        {
          "module_code": "4AMT312",
          "module_name": "Advanced Classical Mechanics",
          "department": "Mathematical Sciences",
          "credits": 16,
          "nqf_level": 7,
          "semester": "Semester 2",
          "year_level": 3,
          "prerequisites": ["4MTH111", "4MTH112", "4AMT111", "4AMT122", "4MTH221", "4MTH222", "4AMT211", "4AMT212"],
          "corequisites": []
        },
        {
          "module_code": "4AMT322",
          "module_name": "Numerical Methods",
          "department": "Mathematical Sciences",
          "credits": 16,
          "nqf_level": 7,
          "semester": "Semester 2",
          "year_level": 3,
          "prerequisites": ["4MTH111", "4MTH112", "4AMT111", "4AMT122", "4MTH221", "4MTH222", "4AMT211", "4AMT212"],
          "corequisites": []
        },
        {
          "module_code": "4CPS312",
          "module_name": "Distributed Systems Development",
          "department": "Computer Science",
          "credits": 16,
          "nqf_level": 7,
          "semester": "Semester 2",
          "year_level": 3,
          "prerequisites": ["4CPS211", "4CPS212"],
          "corequisites": []
        },
        {
          "module_code": "4CPS322",
          "module_name": "Final Year Project",
          "department": "Computer Science",
          "credits": 16,
          "nqf_level": 7,
          "semester": "Semester 2",
          "year_level": 3,
          "prerequisites": ["4CPS211", "4CPS212", "4CPS311", "4CPS321"],
          "corequisites": []
        }
      ]
    },
    {
      "program_code": "4BSC21",
      "program_name": "Computer Science and Mathematics",
      "duration_years": 3,
      "total_credits": 416,
      "faculty": "Faculty of Science, Agriculture and Engineering",
      "departments": ["Computer Science", "Mathematical Sciences"],
      "degree": "Bachelor of Science",
      "majors": ["Computer Science", "Mathematics"],
      "abbreviation": "BSC",
      "exit_nqf_level": 7,
      "modules": [
        {
          "module_code": "4MTH111",
          "module_name": "Calculus I",
          "department": "Mathematical Sciences",
          "credits": 16,
          "nqf_level": 5,
          "semester": "Semester 1",
          "year_level": 1,
          "prerequisites": [],
          "corequisites": []
        },
        {
          "module_code": "4CPS111",
          "module_name": "Introductory Computing",
          "department": "Computer Science",
          "credits": 16,
          "nqf_level": 5,
          "semester": "Semester 1",
          "year_level": 1,
          "prerequisites": [],
          "corequisites": []
        },
        {
          "module_code": "4PHY111",
          "module_name": "Classical Mechanics & Properties of Matter",
          "department": "Physics",
          "credits": 16,
          "nqf_level": 5,
          "semester": "Semester 1",
          "year_level": 1,
          "prerequisites": [],
          "corequisites": ["4MTH111"]
        },
        {
          "module_code": "4STT111",
          "module_name": "Elementary Statistics for Science Students",
          "department": "Statistics",
          "credits": 16,
          "nqf_level": 5,
          "semester": "Semester 1",
          "year_level": 1,
          "prerequisites": [],
          "corequisites": []
        },
        {
          "module_code": "4AMT111",
          "module_name": "Discrete Mathematics",
          "department": "Mathematical Sciences",
          "credits": 16,
          "nqf_level": 5,
          "semester": "Semester 1",
          "year_level": 1,
          "prerequisites": [],
          "corequisites": []
        },
        {
          "module_code": "4CPS121",
          "module_name": "Computer Literacy I",
          "department": "Computer Science",
          "credits": 16,
          "nqf_level": 5,
          "semester": "Semester 1",
          "year_level": 1,
          "prerequisites": [],
          "corequisites": []
        },
        {
          "module_code": "4MTH112",
          "module_name": "Calculus II",
          "department": "Mathematical Sciences",
          "credits": 16,
          "nqf_level": 6,
          "semester": "Semester 2",
          "year_level": 1,
          "prerequisites": [],
          "corequisites": []
        },
        {
          "module_code": "4CPS112",
          "module_name": "Intro to Systems Programming",
          "department": "Computer Science",
          "credits": 16,
          "nqf_level": 6,
          "semester": "Semester 2",
          "year_level": 1,
          "prerequisites": ["4CPS111"],
          "corequisites": []
        },
        {
          "module_code": "4AMT122",
          "module_name": "Further Discrete Mathematics",
          "department": "Mathematical Sciences",
          "credits": 16,
          "nqf_level": 6,
          "semester": "Semester 2",
          "year_level": 1,
          "prerequisites": [],
          "corequisites": []
        },
        {
          "module_code": "4PHY112",
          "module_name": "Electromagnetism and Nuclear Physics",
          "department": "Physics",
          "credits": 16,
          "nqf_level": 6,
          "semester": "Semester 2",
          "year_level": 1,
          "prerequisites": [],
          "corequisites": []
        },
        {
          "module_code": "4STT112",
          "module_name": "Statistics for Science Students",
          "department": "Statistics",
          "credits": 16,
          "nqf_level": 6,
          "semester": "Semester 2",
          "year_level": 1,
          "prerequisites": ["4STT111"],
          "corequisites": ["4MTH112"]
        },
        {
          "module_code": "4CPS122",
          "module_name": "Computer Literacy II",
          "department": "Computer Science",
          "credits": 16,
          "nqf_level": 5,
          "semester": "Semester 2",
          "year_level": 1,
          "prerequisites": [],
          "corequisites": []
        },
        {
          "module_code": "4MTH221",
          "module_name": "Advanced Calculus",
          "department": "Mathematical Sciences",
          "credits": 16,
          "nqf_level": 6,
          "semester": "Semester 1",
          "year_level": 2,
          "prerequisites": ["4MTH111", "4MTH112"],
          "corequisites": []
        },
        {
          "module_code": "4CPS211",
          "module_name": "Data Structures and Algorithms",
          "department": "Computer Science",
          "credits": 16,
          "nqf_level": 6,
          "semester": "Semester 1",
          "year_level": 2,
          "prerequisites": ["4CPS111", "4CPS112"],
          "corequisites": []
        },
        {
          "module_code": "4AMT211",
          "module_name": "Dynamical Systems & Mathematical Modelling",
          "department": "Mathematical Sciences",
          "credits": 16,
          "nqf_level": 6,
          "semester": "Semester 1",
          "year_level": 2,
          "prerequisites": ["4AMT122", "4MTH112"],
          "corequisites": ["4MTH221"]
        },
        {
          "module_code": "4CPS231",
          "module_name": "Computer Communications & Networks",
          "department": "Computer Science",
          "credits": 16,
          "nqf_level": 6,
          "semester": "Semester 1",
          "year_level": 2,
          "prerequisites": ["4CPS111"],
          "corequisites": []
        },
        {
          "module_code": "4MTH222",
          "module_name": "Linear Algebra & Differential Equations",
          "department": "Mathematical Sciences",
          "credits": 16,
          "nqf_level": 6,
          "semester": "Semester 2",
          "year_level": 2,
          "prerequisites": ["4MTH111", "4MTH112"],
          "corequisites": []
        },
        {
          "module_code": "4CPS212",
          "module_name": "Software Engineering",
          "department": "Computer Science",
          "credits": 16,
          "nqf_level": 6,
          "semester": "Semester 2",
          "year_level": 2,
          "prerequisites": ["4CPS112"],
          "corequisites": ["4CPS211"]
        },
        {
          "module_code": "4CPS232",
          "module_name": "Database Information Management I",
          "department": "Computer Science",
          "credits": 16,
          "nqf_level": 6,
          "semester": "Semester 2",
          "year_level": 2,
          "prerequisites": ["4CPS111"],
          "corequisites": []
        },
        {
          "module_code": "4AMT212",
          "module_name": "Intro to Operations Research",
          "department": "Mathematical Sciences",
          "credits": 16,
          "nqf_level": 6,
          "semester": "Semester 2",
          "year_level": 2,
          "prerequisites": ["4AMT122", "4MTH112"],
          "corequisites": ["4MTH222"]
        },
        {
          "module_code": "4CPS311",
          "module_name": "Advanced Programming Techniques",
          "department": "Computer Science",
          "credits": 16,
          "nqf_level": 7,
          "semester": "Semester 1",
          "year_level": 3,
          "prerequisites": ["4CPS211", "4CPS212"],
          "corequisites": []
        },
        {
          "module_code": "4CPS321",
          "module_name": "Systems Programming (OS & Compilers)",
          "department": "Computer Science",
          "credits": 16,
          "nqf_level": 7,
          "semester": "Semester 1",
          "year_level": 3,
          "prerequisites": ["4CPS211", "4CPS212"],
          "corequisites": []
        },
        {
          "module_code": "4MTH311",
          "module_name": "Abstract Algebra",
          "department": "Mathematical Sciences",
          "credits": 16,
          "nqf_level": 7,
          "semester": "Semester 1",
          "year_level": 3,
          "prerequisites": ["4MTH111", "4MTH112", "4MTH221", "4MTH222"],
          "corequisites": []
        },
        {
          "module_code": "4MTH321",
          "module_name": "Real Analysis",
          "department": "Mathematical Sciences",
          "credits": 16,
          "nqf_level": 7,
          "semester": "Semester 1",
          "year_level": 3,
          "prerequisites": ["4MTH111", "4MTH112", "4MTH221", "4MTH222"],
          "corequisites": []
        },
        {
          "module_code": "4CPS312",
          "module_name": "Distributed Systems Development",
          "department": "Computer Science",
          "credits": 16,
          "nqf_level": 7,
          "semester": "Semester 2",
          "year_level": 3,
          "prerequisites": ["4CPS211", "4CPS212"],
          "corequisites": []
        },
        {
          "module_code": "4CPS322",
          "module_name": "Final Year Project",
          "department": "Computer Science",
          "credits": 16,
          "nqf_level": 7,
          "semester": "Semester 2",
          "year_level": 3,
          "prerequisites": ["4CPS211", "4CPS212", "4CPS311", "4CPS321"],
          "corequisites": []
        },
        {
          "module_code": "4MTH312",
          "module_name": "Graph Theory",
          "department": "Mathematical Sciences",
          "credits": 16,
          "nqf_level": 7,
          "semester": "Semester 2",
          "year_level": 3,
          "prerequisites": ["4MTH111", "4MTH112", "4MTH221", "4MTH222"],
          "corequisites": []
        },
        {
          "module_code": "4MTH322",
          "module_name": "Complex Analysis",
          "department": "Mathematical Sciences",
          "credits": 16,
          "nqf_level": 7,
          "semester": "Semester 2",
          "year_level": 3,
          "prerequisites": ["4MTH111", "4MTH112", "4MTH221", "4MTH222"],
          "corequisites": []
        }
      ]
    },
    {
      "program_code": "4BSC22",
      "program_name": "Computer Science and Physics",
      "duration_years": 3,
      "total_credits": 416,
      "faculty": "Faculty of Science, Agriculture and Engineering",
      "departments": ["Computer Science", "Physics & Engineering"],
      "degree": "Bachelor of Science",
      "majors": ["Computer Science", "Physics"],
      "abbreviation": "BSC",
      "exit_nqf_level": 7,
      "modules": [
        {
          "module_code": "4CPS111",
          "module_name": "Introductory Computing",
          "department": "Computer Science",
          "credits": 16,
          "nqf_level": 5,
          "semester": "Semester 1",
          "year_level": 1,
          "prerequisites": [],
          "corequisites": []
        },
        {
          "module_code": "4MTH111",
          "module_name": "Calculus I",
          "department": "Mathematical Sciences",
          "credits": 16,
          "nqf_level": 5,
          "semester": "Semester 1",
          "year_level": 1,
          "prerequisites": [],
          "corequisites": []
        },
        {
          "module_code": "4PHY111",
          "module_name": "Classical Mechanics & Properties of Matter",
          "department": "Physics",
          "credits": 16,
          "nqf_level": 5,
          "semester": "Semester 1",
          "year_level": 1,
          "prerequisites": [],
          "corequisites": ["4MTH111"]
        },
        {
          "module_code": "4AMT111",
          "module_name": "Discrete Mathematics",
          "department": "Mathematical Sciences",
          "credits": 16,
          "nqf_level": 5,
          "semester": "Semester 1",
          "year_level": 1,
          "prerequisites": [],
          "corequisites": ["4MTH111"]
        },
        {
          "module_code": "4STT111",
          "module_name": "Elementary Statistics for Science Students",
          "department": "Statistics",
          "credits": 16,
          "nqf_level": 5,
          "semester": "Semester 1",
          "year_level": 1,
          "prerequisites": [],
          "corequisites": []
        },
        {
          "module_code": "4CPS121",
          "module_name": "Computer Literacy I",
          "department": "Computer Science",
          "credits": 16,
          "nqf_level": 5,
          "semester": "Semester 1",
          "year_level": 1,
          "prerequisites": [],
          "corequisites": []
        },
        {
          "module_code": "4CPS112",
          "module_name": "Intro to Systems Programming",
          "department": "Computer Science",
          "credits": 16,
          "nqf_level": 6,
          "semester": "Semester 2",
          "year_level": 1,
          "prerequisites": ["4CPS111"],
          "corequisites": []
        },
        {
          "module_code": "4MTH112",
          "module_name": "Calculus II",
          "department": "Mathematical Sciences",
          "credits": 16,
          "nqf_level": 6,
          "semester": "Semester 2",
          "year_level": 1,
          "prerequisites": ["4MTH111"],
          "corequisites": []
        },
        {
          "module_code": "4PHY112",
          "module_name": "Electromagnetism, Nuclear & Modern Physics",
          "department": "Physics",
          "credits": 16,
          "nqf_level": 6,
          "semester": "Semester 2",
          "year_level": 1,
          "prerequisites": [],
          "corequisites": []
        },
        {
          "module_code": "4AMT122",
          "module_name": "Further Discrete Mathematics",
          "department": "Mathematical Sciences",
          "credits": 16,
          "nqf_level": 6,
          "semester": "Semester 2",
          "year_level": 1,
          "prerequisites": ["4MTH112", "4AMT111"],
          "corequisites": []
        },
        {
          "module_code": "4STT112",
          "module_name": "Statistics for Science Students",
          "department": "Statistics",
          "credits": 16,
          "nqf_level": 6,
          "semester": "Semester 2",
          "year_level": 1,
          "prerequisites": ["4STT111"],
          "corequisites": ["4MTH112"]
        },
        {
          "module_code": "4CPS122",
          "module_name": "Computer Literacy II",
          "department": "Computer Science",
          "credits": 16,
          "nqf_level": 5,
          "semester": "Semester 2",
          "year_level": 1,
          "prerequisites": [],
          "corequisites": []
        },
        {
          "module_code": "4CPS211",
          "module_name": "Data Structures and Algorithms",
          "department": "Computer Science",
          "credits": 16,
          "nqf_level": 6,
          "semester": "Semester 1",
          "year_level": 2,
          "prerequisites": ["4CPS111", "4CPS112"],
          "corequisites": []
        },
        {
          "module_code": "4MTH221",
          "module_name": "Advanced Calculus",
          "department": "Mathematical Sciences",
          "credits": 16,
          "nqf_level": 6,
          "semester": "Semester 1",
          "year_level": 2,
          "prerequisites": ["4MTH112"],
          "corequisites": []
        },
        {
          "module_code": "4PHY211",
          "module_name": "Mechanics Special Relativity & Properties of Matter",
          "department": "Physics",
          "credits": 16,
          "nqf_level": 6,
          "semester": "Semester 1",
          "year_level": 2,
          "prerequisites": ["4PHY111", "4PHY112", "4MTH111", "4MTH112"],
          "corequisites": []
        },
        {
          "module_code": "4CPS231",
          "module_name": "Computer Communications & Networks",
          "department": "Computer Science",
          "credits": 16,
          "nqf_level": 6,
          "semester": "Semester 1",
          "year_level": 2,
          "prerequisites": ["4CPS111"],
          "corequisites": []
        },
        {
          "module_code": "4CPS212",
          "module_name": "Software Engineering",
          "department": "Computer Science",
          "credits": 16,
          "nqf_level": 6,
          "semester": "Semester 2",
          "year_level": 2,
          "prerequisites": ["4CPS112"],
          "corequisites": ["4CPS211"]
        },
        {
          "module_code": "4MTH222",
          "module_name": "Linear Algebra & Differential Equations",
          "department": "Mathematical Sciences",
          "credits": 16,
          "nqf_level": 6,
          "semester": "Semester 2",
          "year_level": 2,
          "prerequisites": ["4MTH111", "4MTH112"],
          "corequisites": []
        },
        {
          "module_code": "4PHY212",
          "module_name": "Modern Physics, Photonics & Waves",
          "department": "Physics",
          "credits": 16,
          "nqf_level": 6,
          "semester": "Semester 2",
          "year_level": 2,
          "prerequisites": ["4PHY111", "4PHY112", "4MTH111", "4MTH112"],
          "corequisites": []
        },
        {
          "module_code": "4PHY222",
          "module_name": "Electromagnetism",
          "department": "Physics",
          "credits": 16,
          "nqf_level": 6,
          "semester": "Semester 2",
          "year_level": 2,
          "prerequisites": ["4PHY111", "4PHY112", "4MTH111", "4MTH112"],
          "corequisites": []
        },
        {
          "module_code": "4CPS311",
          "module_name": "Advanced Programming Techniques",
          "department": "Computer Science",
          "credits": 16,
          "nqf_level": 7,
          "semester": "Semester 1",
          "year_level": 3,
          "prerequisites": ["4CPS211", "4CPS212"],
          "corequisites": []
        },
        {
          "module_code": "4CPS321",
          "module_name": "Systems Programming (OS & Compilers)",
          "department": "Computer Science",
          "credits": 16,
          "nqf_level": 7,
          "semester": "Semester 1",
          "year_level": 3,
          "prerequisites": ["4CPS211", "4CPS212"],
          "corequisites": []
        },
        {
          "module_code": "4PHY311",
          "module_name": "Quantum and Statistical Physics",
          "department": "Physics",
          "credits": 16,
          "nqf_level": 7,
          "semester": "Semester 1",
          "year_level": 3,
          "prerequisites": ["4PHY211", "4PHY212"],
          "corequisites": []
        },
        {
          "module_code": "4PHY321",
          "module_name": "Electronic Circuits and Devices",
          "department": "Physics",
          "credits": 16,
          "nqf_level": 7,
          "semester": "Semester 1",
          "year_level": 3,
          "prerequisites": ["4PHY222"],
          "corequisites": []
        },
        {
          "module_code": "4CPS312",
          "module_name": "Distributed Systems Development",
          "department": "Computer Science",
          "credits": 16,
          "nqf_level": 7,
          "semester": "Semester 2",
          "year_level": 3,
          "prerequisites": ["4CPS211", "4CPS212"],
          "corequisites": []
        },
        {
          "module_code": "4CPS322",
          "module_name": "Final Year Project",
          "department": "Computer Science",
          "credits": 16,
          "nqf_level": 7,
          "semester": "Semester 2",
          "year_level": 3,
          "prerequisites": ["4CPS211", "4CPS212", "4CPS311", "4CPS321"],
          "corequisites": []
        },
        {
          "module_code": "4PHY312",
          "module_name": "Nuclear Physics and Applications",
          "department": "Physics",
          "credits": 16,
          "nqf_level": 7,
          "semester": "Semester 2",
          "year_level": 3,
          "prerequisites": ["4PHY212"],
          "corequisites": []
        },
        {
          "module_code": "4PHY322",
          "module_name": "Solid State Physics & Material Science",
          "department": "Physics",
          "credits": 16,
          "nqf_level": 7,
          "semester": "Semester 2",
          "year_level": 3,
          "prerequisites": ["4PHY211", "4PHY212"],
          "corequisites": []
        }
      ]
    }
  ]
}